Google Map,https://drive.google.com/open?id=1fRwVsRiNWhAd9CSYXasUu3dDUMFkzQd6&usp=sharing
Google Groups,https://groups.google.com/forum/#!topic/vyprmedia/zGMb4ke-55U
Google Sites,https://sites.google.com/view/vyprmedia/home
Adobe,https://spark.adobe.com/page/8pfda7ji4GZVg/
Kindle,https://www.kdpcommunity.com/s/profile/005f4000001cPtN
Amazon,https://www.amazon.com/gp/profile/amzn1.account.AGMBF52TFWBD2RSQYBHUBUC2EXEA?ie=UTF8&preview=true
National Geographic,https://members.nationalgeographic.com/766058470928/
IBM,https://www.ibm.com/developerworks/community/profiles/html/profileView.do?key=07df33df-ff48-4775-a9fc-521b7ff68869&lang=en
StudioPress,https://www.studiopress.com/forums/users/vyprmedia/
Cat,https://forums.cat.com/t5/user/viewprofilepage/user-id/146680
Today,http://community.today.com/user/khaled-soliman1
Oracle,https://community.oracle.com/people/VyprMedia
Intuit,https://community.intuit.com/users/a7ca9a8e-740d-4154-a5da-7a9fa54b6489
TED,https://www.ted.com/profiles/9054408
Houzz,https://www.houzz.com/pro/vyprmedia/__public
MyOpportunity,https://myopportunity.com/profile/vypr-media/sl
Skillshare,https://www.skillshare.com/user/vyprmedia
Care,http://www.care2.com/c2c/people/profile.html?pid=206766662
Intense Debate,https://www.intensedebate.com/people/VyprMedia
Disqus,https://disqus.com/by/VyprMedia/
Zomato,https://www.zomato.com/vyprmedia
Growth Hackers,https://growthhackers.com/members/vyprmedia
Authorstream,http://www.authorstream.com/VyprMedia/
VisualCV,https://www.visualcv.com/vyprmedia
Kiva,https://www.kiva.org/lender/VyprMedia
Scoop,https://www.scoop.it/t/vyprmedia
GoodReads,https://www.goodreads.com/vyprmedia
LonelyPlanet,https://www.lonelyplanet.com/profile/VyprMedia
Gravatar,https://en.gravatar.com/vyprmedia
Wordpress.org,https://profiles.wordpress.org/vyprmedia/profile
BBPress,https://bbpress.org/forums/profile/vyprmedia/
BuddyPress,https://buddypress.org/members/vyprmedia/profile/
Blogger,https://www.blogger.com/profile/17941380322743772598
Hewlett Packard Enterprise,https://community.hpe.com/t5/user/ViewProfilePage/user-id/1888613
Scout,https://www.scout.org/user/1843876
Buzzfeed,https://www.buzzfeed.com/vyprmedia
Vox,https://www.vox.com/users/vyprmedia
TheVerge,https://www.theverge.com/users/vyprmedia
ThreadsMagazine,http://www.threadsmagazine.com/profile/VyprMedia
SBNation,https://www.sbnation.com/users/vyprmedia
Curbed,https://www.curbed.com/users/vyprmedia
Eater,https://www.eater.com/users/vyprmedia
Racked,https://www.racked.com/users/vyprmedia
Recode,https://www.recode.net/users/vyprmedia
Columbus Telegram,https://columbustelegram.com/users/profile/vyprmedia/
Napavalley Register,https://napavalleyregister.com/users/profile/vyprmedia/
Starlocal Media,https://starlocalmedia.com/users/profile/vyprmedia/
Pantagraph,https://www.pantagraph.com/users/profile/vyprmedia/
Virgin Island Daily News,https://www.virginislandsdailynews.com/users/profile/vyprmedia/
Enterprise Journal,https://www.enterprise-journal.com/users/profile/vyprmedia/
TDN,https://tdn.com/users/profile/vyprmedia/
Journal Now,https://www.journalnow.com/users/profile/vyprmedia/
Wix,https://vyprmedia.wixsite.com/vyprmedia
Weebly,https://vyprmedia.weebly.com
Jimdo,https://vyprmedia.jimdo.com
Strikingly,http://vyprmedia.strikingly.com
Bravenet,http://vyprmedia.bravesites.com
Shutterfly,https://vyprmedia.shutterfly.com
Jigsy,http://vyprmedia.jigsy.com
Yola,https://vyprmedia.yolasite.com
Wikidot,http://vyprmedia.wikidot.com
Spruz,http://vyprmedia.spruz.com/pt/VyprMedia.12-11-2017/blog.htm
Page,http://vyprmedia.page.tl
Angelfire,http://vyprmedia.angelfire.com
Webstarts,http://vyprmedia.webstarts.com
Puzl,https://vyprmedia.puzl.com
Simplesite,http://vyprmediany.simplesite.com
All4Webs,http://all4webs.com/vyprmedia/home.htm
Simbla,http://sites.simbla.com/57049da5-e7ce-230d-388f-9324212e6f02/VyprMedia
Sitey,http://vyprmedia.sitey.me
Webnode,http://vyprmedia.webnode.com/
Wordpress,https://vyprmedia.wordpress.com
Tumblr,https://vyprmedia.tumblr.com
Pearltress,http://www.pearltrees.com/vyprmedia/item215442565
Kidblog,https://kidblog.org/class/vyprmedia/posts/93yblyxi5m2zyt6o53umrz8q4
 Blogspot,http://vyprmedia.blogspot.com/2017/12/vyprmedia.html
Carbonemade,https://vyprmedia.carbonmade.com/projects/6679943
JustePaste,https://justpaste.it/VyprMedia
Penzu,https://penzu.com/public/5b53f248
Soup,http://urgentcaregrovecity.soup.io
Simplenote,https://app.simplenote.com/publish/yRXCpl
Postach,http://vyprmedia.postach.io
LiveJournal,https://vyprmedia.livejournal.com/profile
Medium,https://medium.com/@jenniferpeake438/vyprmedia-7f72aa2af238
CrowdFunder,https://www.crowdfunder.co.uk/vyprmedia?tk=062dc1d817d325d178a67dfbc143d6f07fb7dbaf
Angel,https://angel.co/vyprmedia
Gust,https://gust.com/companies/vyprmedia
TrepUP,https://www.trepup.com/vyprmedia
F6S,https://www.f6s.com/vyprmedia
Brijj,http://www.brijj.com/VyprMedia?wp=y
Remote,https://remote.com/vyprmedia
ReferralKey,http://referralkey.com/VyprMedia
SoundCloud,https://soundcloud.com/VyprMedia
Flickr,https://www.flickr.com/people/vyprmedia/
Imgur,https://imgur.com/user/VyprMedia
LiveLeak,https://www.liveleak.com/c/VyprMedia
Blipfoto,https://www.blipfoto.com/VyprMedia
AudioBoom,https://audioboom.com/users/5092051
YourListen,https://yourlisten.com/VyprMedia
PhotoshopCreative,https://photoshopcreative.co.uk/user/VyprMedia
Minds,https://www.minds.com/VyprMedia
PicturePush,https://vyprmedia.picturepush.com/profile
Coub,https://coub.com/vyprmedia
VideoMaker,https://www.videomaker.com/users/vypr-media
500px,https://500px.com/vyprmedia
BandCamp,https://vyprmedia.bandcamp.com/album/vyprmedia
Fotki,http://journals.fotki.com/vyprmedia/vyprmedia/entry/sksgbbgbrqsfw/
Expono,http://www.expono.com/vyprmedia
Stream,https://www.stream.me/vyprmedia
ConcertWindow,https://www.concertwindow.com/vyprmedia
Digg,https://digg.com/u/VyprMedia
Dzone,https://dzone.com/users/3156733/vyprmedia.html
Reddit,https://www.reddit.com/user/vyprmedia
Diigo,https://www.diigo.com/profile/vyprmedia
MySpace,https://myspace.com/vyprmedia
Allmyfaves,http://www.allmyfaves.com/VyprMedia
Plurk,https://www.plurk.com/VyprMedia
Slashdot,https://slashdot.org/~VyprMedia
BizSugar,http://www.bizsugar.com/user/profile/VyprMedia
Bookmax,http://public.bookmax.net/users/vyprmedia
ItsmyURLs,https://itsmyurls.com/vyprmedia
43Marks,http://43marks.com/vyprmedia
Video Bookmark,http://www.video-bookmark.com/user/vyprmedia/
Udemy,https://www.udemy.com/user/vyprmedia/
Evernote,https://discussion.evernote.com/profile/349935-vyprmedia/?tab=field_core_pfield_12
CreateSpace,https://forums.createspace.com/en/community/people/VyprMedia?view=profile
Fitday,https://www.fitday.com/fitness/forums/members/vyprmedia.html
Torgi.gov.ru,https://torgi.gov.ru/forum/user/profile/453075.page
Cruzetalk,http://www.cruzetalk.com/forum/332665-vyprmedia.html
Armorgames,https://armorgames.com/user/VyprMedia
GameSpot,https://www.gamespot.com/profile/vyprmedia/about-me/
N4G,http://n4g.com/user/score/vyprmedia
Play,https://www.play.fm/vyprmedia
Warmerise,http://warmerise.com/profile/VyprMedia
Chess,https://www.chess.com/member/vyprmedia
Gameatopia,http://www.gameatopia.com/profiles/133853/vyprmedia.html
Aeriagames,http://www.aeriagames.com/user/VyprMedia/
CodeCademy,https://www.codecademy.com/VyprMedia
Academia.edu,https://independent.academia.edu/VyprMedia
Destructoid,https://www.destructoid.com/?name=VyprMedia&a=415956&start=0&chaos=ok&who=me
Quora,https://www.quora.com/profile/VyprMedia#
Able2Know,https://able2know.org/user/vyprmedia/
Informer,https://answers.informer.com/user/VyprMedia
Ask.fm,https://ask.fm/VyprMedia
About.me,https://about.me/vyprmedia
Patreon,https://www.patreon.com/VyprMedia/creators
Behance,https://www.behance.net/VyprMedia
BlogTalkRadio,http://www.blogtalkradio.com/vyprmedia
SlidePoint,http://www.slidepoint.net/VyprMedia
ToolBox,https://it.toolbox.com/user/about/VyprMedia
Rhizome,http://rhizome.org/profile/vypr-media/
Shapeways,https://www.shapeways.com/designer/vyprmedia
Paper.li,https://paper.li/e-1513098894#/
BrandYourself,http://vyprmedia.brandyourself.com
Issuu,https://issuu.com/vyprmedia
Flipsnack,https://www.flipsnack.com/VyprMedia/
ProgrammableWeb,https://www.programmableweb.com/profile/vyprmedia
FlipHTML5,http://fliphtml5.com/homepage/honw
FontSpace,http://www.fontspace.com/profile/VyprMedia
Pbase,http://www.pbase.com/vyprmedia/profile
4Shared,https://www.4shared.com/u/rLeP4gzC/jenniferpeake438.html
Empowher,http://www.empowher.com/users/vyprmedia
Myanimelist,https://myanimelist.net/profile/VyprMedia
WeHeartIT,https://weheartit.com/VyprMedia
Blurb,http://www.blurb.com/user/VyprMedia?profile_preview=true
BookCrossing,http://www.bookcrossing.com/mybookshelf/VyprMedia/
Instructables,https://www.instructables.com/member/VyprMedia
MeasuredUP,http://www.measuredup.com/user/VyprMedia
HomeTalk,https://www.hometalk.com/member/32080787/vyprmedia
BecomeGorgeous,http://www.becomegorgeous.com/blogs/vyprmedia/vyprmedia-P34401
CrunchyRoll,http://www.crunchyroll.com/user/VyprMedia
Wattpad,https://www.wattpad.com/user/VyprMedia
Allihoopa,https://allihoopa.com/VyprMedia
MuckRack,https://muckrack.com/vyprmedia
CreativeLive,https://www.creativelive.com/student/vyprmedia
HackerRank,https://www.hackerrank.com/VyprMedia
Tracky,https://tracky.com/~Vypr-Media-86242
DevianStart,https://vyprmedia.deviantart.com
Get Satisfaction,https://getsatisfaction.com/people/vyprmedia
HubPages,https://hubpages.com/@vyprmedia
TinyChat,https://tinychat.com/room/vyprmedia
Spreaker,https://www.spreaker.com/user/vyprmedia
Twitxr,http://twitxr.com/vyprmedia/
MedStudent,http://www.medstudent.org/members/vyprmedia.107138/
Pastebin,https://pastebin.com/u/VyprMedia
Ello,https://ello.co/vyprmedia
Seeking Alpha,https://seekingalpha.com/user/48994964/comments
Yudu Express,https://express.yudu.com/profile/1001045/VyprMedia
Wise Intro,https://wiseintro.co/vyprmedia
Padlet,https://padlet.com/jenniferpeake438/VyprMedia
Myfolio,http://myfolio.com/vyprmedia
Steepster,https://steepster.com/VyprMedia
Openstreetmap,https://www.openstreetmap.org/user/VyprMedia
DailyKos,https://www.dailykos.com/user/vyprmedia
Devpost,https://devpost.com/VyprMedia
Feedspot,http://www.feedspot.com/u/1625f6ef64f5
Edocr,https://www.edocr.com/user/VyprMedia
LetterBoxd,https://letterboxd.com/vyprmedia/
Visualizeus,http://visualizeus.com/profile/vyprmedia
Dead,http://www.dead.net/member/vyprmedia
Chatroll,https://chatroll.com/profile/VyprMedia
MooTools,https://mootools.net/forge/profile/vyprmedia
BuzzSprout,https://www.buzzsprout.com/140928
EUBusiness,http://www.eubusiness.com/author/VyprMedia
Trello,https://trello.com/vyprmedia
Articulate,https://community.articulate.com/users/VyprMedia
Geonames,http://forum.geonames.org/gforum/user/profile/272413.page
CouchSurfing,https://www.couchsurfing.com/people/vyprmedia
Threadless,https://www.threadless.com/@VyprMedia/activity
Cheezburger,http://vyprmedia.cheezburger.com
AbstractFonts,http://www.abstractfonts.com/members/321044
MagCloud,http://www.magcloud.com/user/vyprmedia
Kinja,http://vyprmedia.kinja.com/vyprmedia-1821250761
Visually,https://visual.ly/users/VyprMedia/portfolio
Trip N Tale,http://www.tripntale.com/me/VyprMedia
Follow US,https://followus.com/VyprMedia
Nexxt,https://www.nexxt.com/p/VyprMedia
IMFacePlate,http://www.imfaceplate.com/VyprMedia
SitePoint,https://www.sitepoint.com/premium/users/vyprmedia
Orcid,https://orcid.org/0000-0003-2799-137X
DreamWidth,https://vyprmedia.dreamwidth.org/profile
Wanelo,https://wanelo.co/vyprmedia
Project NOAH,http://www.projectnoah.org/users/vyprmedia
Wittygraphy,http://www.wittygraphy.com/VyprMedia
Yuuby,http://www.yuuby.com/note/32959/vyprmedia
Tripline,https://www.tripline.net/vyprmedia/
GO Mighty,http://gomighty.com/user/VyprMedia/
KEEP,https://keep.com/u/vyprmedia/
The Grio Jobs,https://www.thegriojobs.com/users/khaled-soliman-8
Stage Door Connections,http://www.stagedoorconnections.com/Profile/Show/48701
Cityos,https://cityos.io/hero/94966
Kweekweek,https://www.kweekweek.com/public_profile/u/vyprmedia
Kpopselca,http://kpopselca.com/VyprMedia
AddPoll,https://www.addpoll.com/VyprMedia
Family Tree Circle,http://www.familytreecircles.com/u/VyprMedia/about/
DemoDrop,https://demodrop.com/VyprMedia
Vayable,https://www.vayable.com/users/269517
Fish Stores,http://www.fish-stores.com/profile/VyprMedia
Open Learning,https://www.openlearning.com/u/vyprmedia/
Lookuppage,http://www.lookuppage.com/users/vyprmedia/
Great Quotes,http://www.great-quotes.com/user/vyprmedia
Sketchfab,https://sketchfab.com/VyprMedia
Listly,https://list.ly/VyprMedia/activity
EverPlaces,https://everplaces.com/vyprmedia
BOX,https://app.box.com/notes/255634530000?s=iapyan6ivxtqfs882xwevkc0ythp49z6
Onrpg,https://www.onrpg.com/boards/members/1850222-VyprMedia
Your Acclaim,https://www.youracclaim.com/user/VyprMedia
Maple Primes,https://www.mapleprimes.com/users/VyprMedia
BeezMap,https://www.beezmap.com/profile/VyprMedia
Wonder How to,https://creator.wonderhowto.com/vyprmedia/
Blogigo,http://www.blogigo.com/VyprMedia
Your Trainings,http://www.yourtrainings.com/VyprMedia/
Indiegogo,https://www.indiegogo.com/individuals/17855392
Smashwords,https://www.smashwords.com/profile/view/VyprMedia
Zillion Designs,https://www.zilliondesigns.com/users/VyprMedia
Bucketlist,https://bucketlist.org/profiles/vyprmedia/
Zapatag,http://www.zapatag.com/profile/210368
Lumberjocks,http://lumberjocks.com/VyprMedia
Cyprus,https://www.cyprus.com/author/vyprmedia/
GiantBomb,https://www.giantbomb.com/profile/vyprmedia/about-me/
Daily Journal,https://www.daily-journal.com/users/profile/vyprmedia/
Rapidcity Journal,https://rapidcityjournal.com/users/profile/vyprmedia/
Siouxcity Journal,https://siouxcityjournal.com/users/profile/vyprmedia/
Muscatine Journal,https://muscatinejournal.com/users/profile/vyprmedia/
Enquirer Journal,https://www.enquirerjournal.com/users/profile/vyprmedia/
Idaho State Journal,https://idahostatejournal.com/users/profile/vyprmedia/
JournalStar,https://journalstar.com/users/profile/vyprmedia/
Trib,https://trib.com/users/profile/vyprmedia/
iFalls Journal,https://www.ifallsjournal.com/users/profile/vyprmedia/
Journal Times,https://journaltimes.com/users/profile/vyprmedia/
HJNews,https://news.hjnews.com/users/profile/vyprmedia/
Billing Gazette,https://billingsgazette.com/users/profile/vyprmedia/
Idaho Press,https://www.idahopress.com/users/profile/vyprmedia/
Herald and News,https://www.heraldandnews.com/users/profile/vyprmedia/
Teton Valley News,https://www.tetonvalleynews.net/users/profile/vyprmedia/
Goskagit,https://www.goskagit.com/users/profile/vyprmedia/
AWS,https://app.aws.org/forum/user_info.pl?uid=100177853
Food552,https://food52.com/users/1442643-vyprmedia
Movescount,http://www.movescount.com/members/member2096749-VyprMedia
CreativeMarket,https://creativemarket.com/VyprMedia
BagTheWeb,http://www.bagtheweb.com/u/vyprmedia/profile
Hulkshare,http://www.hulkshare.com/VyprMedia
Hellobee,http://boards.hellobee.com/profile/vyprmedia
Bmxmuseum,http://bmxmuseum.com/user/252028
Charahub,https://charahub.com/user/VyprMedia
Experts Column,https://expertscolumn.com/user/vyprmedia
NAACP Job Finder,https://www.naacpjobfinder.com/users/khaled-soliman-9
DLD Conference,http://www.dld-conference.com/users/khaled-soliman
Reverbnation,https://www.reverbnation.com/artist/vyprmedia
Datpiff,http://www.datpiff.com/profile/VyprMedia
Mappery,http://www.mappery.com/user.php?name=VyprMedia
Lowyat,https://forum.lowyat.net/index.php?showuser=1029174
Tableau,https://public.tableau.com/profile/vyprmedia#!/
Moomba,https://forum.moomba.com/member.php?50493-VyprMedia
DJ Tech Tools,https://my.djtechtools.com/users/1009562
DO Attend,http://vyprmedia.doattend.com
Voicebo,http://voicebo.com/u/VyprMedia
Delphi Forums,http://profiles.delphiforums.com/n/pfx/profile.aspx?webtag=dfpprofile000&userId=1891000601
Norton,https://community.norton.com/en/users/vyprmedia
Squarespace,https://answers.squarespace.com/users/225885/vyprmedia.html
Pen,http://vyprmedia.pen.io
DropMark,http://vyprmedia.dropmark.com/528934
Postezzy,https://posteezy.com/content/vyprmedia
Fark,https://www.fark.com/users/VyprMedia
Write,https://write.as/vyprmedia/vyprmedia
Cabanova,http://vyprmedia.cabanova.com
Artfire,https://www.artfire.com/ext/people/VyprMedia
Mastodon,https://mastodon.social/@VyprMedia
QBN,http://www.qbn.com/VyprMedia
Riptaapparel,https://www.riptapparel.com/pages/member?VyprMedia
Get Pocket,https://getpocket.com/@vyprmedia
Know Your Meme,http://knowyourmeme.com/users/vyprmedia
Ranker,https://www.ranker.com/profile-of/vyprmedia
Giphy,https://giphy.com/channel/vyprmedia
Arcadetrail,https://arcadetrail.com/users/VyprMedia
USGBC,https://www.usgbc.org/people/khaled-soliman/0011251356
Awwwards,https://www.awwwards.com/VyprMedia/collections/
Business Traveler USA,https://www.businesstravelerusa.com/members/VyprMedia
Pixabay,https://pixabay.com/en/users/VyprMedia-9047852/
Sidefx,https://www.sidefx.com/profile/VyprMedia/
Polygon,https://www.polygon.com/users/vyprmedia
Autodesk Forums,https://forums.autodesk.com/t5/user/viewprofilepage/user-id/6087816
AMP Blogs,http://vyprmedia.ampblogs.com/VyprMedia-15736577
Earthcam,https://myearthcam.com/vyprmedia
Ads of the World,https://www.adsoftheworld.com/user/vyprmedia
D Photographer,https://dphotographer.co.uk/user/VyprMedia
Bakespace,http://www.bakespace.com/members/profile/VyprMedia/706264/
Kiss Kiss Bank Bank,https://www.kisskissbankbank.com/en/users/vyprmedia
Madwhips,http://www.madwhips.com/user/VyprMedia
Republic.co,https://republic.co/khaled-soliman
Doodlekit,http://vyprmedia.doodlekit.com/
Crokes,https://www.crokes.com/vyprmedia/profile/
Gaia Online,https://www.gaiaonline.com/profiles/vyprmedia/42969969/
Picture Trail,http://www.picturetrail.com/homepage/vyprmedia
Rehash,https://www.rehashclothes.com/vyprmedia
